Step,Train Loss,Test Accuracy
0,6.926055317454868,0.0
1,6.16118273999956,0.1
2,5.211022779676649,0.1
3,4.567893437544504,0.098
4,4.190612154536777,0.099
5,3.8967121760050456,0.094
6,3.69329651594162,0.096
7,3.5241873330540128,0.1
8,3.4240806380907696,0.1
9,3.3300596475601196,0.098
10,3.262059728304545,0.105
11,3.2034574508666993,0.104
12,3.1530754804611205,0.1
13,3.1250052452087402,0.119
