Step,Train Loss,Test Accuracy
0,6.926055317454868,0.0
1,6.1554546223746405,0.1
2,5.197191225157844,0.1
3,4.580968560112847,0.098
