Step,Train Loss,Test Accuracy
0,4.429276084899902,0.5185
1,4.114009041786193,0.506
2,1.8521032190322877,0.5
3,0.7291516915957132,0.536
4,0.7045218050479889,0.5195
5,0.6981346495946248,0.541
6,0.6975125590960185,0.539
7,0.6998851509888967,0.542
