Step,Train Loss,Test Accuracy
0,0.9950887514485254,0.5105
1,1.0638023164537218,0.5
2,1.0387005024486118,0.504
3,1.0515099104907777,0.5075
4,1.0017759114503861,0.512
5,1.0619797673490312,0.515
6,1.2389624602264828,0.502
7,1.1146742539273369,0.5265
8,1.1470273203319974,0.5065
9,0.8871604522069295,0.563
10,0.940903702378273,0.5105
11,1.1176341758833992,0.515
12,0.93165782392025,0.5015
