Step,Train Loss,Test Accuracy
0,0.9442883501450221,0.491
1,1.0376716978020137,0.494
2,1.0601808889044655,0.493
