Step,Train Loss,Test Accuracy
0,6.896864668528239,0.0
1,6.88616345193651,0.0
2,6.873852554957072,0.0055
3,6.858986520767212,0.0235
4,6.8395607656902735,0.0515
5,6.81244092517429,0.057
6,6.770333207978142,0.0635
7,6.695293773545159,0.056
8,6.52683486673567,0.05
9,5.939118173387316,0.05
10,4.556051960256364,0.05
