Step,Train Loss,Test Accuracy
0,6.7920495006773205,0.5105
1,6.770392166243659,0.517
2,6.741077383359273,0.5275
3,6.698623622788324,0.5435
4,6.63256885740492,0.5405
5,6.519184433089363,0.5425
6,6.293049234814114,0.529
7,5.713347752888997,0.5085
8,3.3369605428642695,0.5245
9,0.780785419874721,0.548
