Step,Train Loss,Test Accuracy
0,6.633937733882182,0.5895
1,6.508334836444339,0.586
2,6.176557386243665,0.572
3,4.5444675187806824,0.5425
