Step,Train Loss,Test Accuracy
0,6.896859846888362,0.0
1,6.882316251703211,0.001
2,6.8605075874844115,0.0105
3,6.818417143177342,0.0405
