Step,Train Loss,Test Accuracy
0,4.606519298553467,0.0
1,4.429354219436646,0.5185
2,4.113941990534465,0.506
3,1.8500311613082885,0.5
4,0.7294580082098643,0.536
5,0.7046722833315532,0.5195
6,0.6983519033590952,0.541
7,0.6977883040904999,0.539
8,0.6991465270519257,0.542
